duration,url
167,https://open.spotify.com/track/27rdGxbavYJeBphck5MZAF
213,https://open.spotify.com/track/5m7T3eJlK0O92QOCT2SpVM
226,https://open.spotify.com/track/2y4lAQpi5VTNLu2ldeTdUH
191,https://open.spotify.com/track/1UZOjK1BwmwWU14Erba9CZ
235,https://open.spotify.com/track/2vwlzO0Qp8kfEtzTsCXfyE
200,https://open.spotify.com/track/4VzvXf8qwyeOPOqfNCCoyU
158,https://open.spotify.com/track/6hI81y67DVMorZhXVL62mp
153,https://open.spotify.com/track/01NWH0O950NI3cageTpeKp
159,https://open.spotify.com/track/771ultFaNIVRCR4x4LnoDJ
244,https://open.spotify.com/track/6s1aWfIaIsCAHiwRHdFqq3
173,https://open.spotify.com/track/3IWAMNLuq8WtAZcQmH2SXm
179,https://open.spotify.com/track/1Z20VMIOmk7hLpzcJKZnJx
245,https://open.spotify.com/track/1Z20VMIOmk7hLpzcJKZnJx
152,https://open.spotify.com/track/2ZVC4VsxYUbElMtdBtQVAR
192,https://open.spotify.com/track/1Z20VMIOmk7hLpzcJKZnJx
157,https://open.spotify.com/track/2rPE9A1vEgShuZxxzR2tZH
251,https://open.spotify.com/track/7wC5eZcFS1Q1BsQ35DU6H4
223,https://open.spotify.com/track/14sOS5L36385FJ3OL8hew4
196,https://open.spotify.com/track/2YyvWje3cEYyqgYhNUIaBJ
248,https://open.spotify.com/track/7jr3iPu4O4bTCVwLMbdU2i
206,https://open.spotify.com/track/2RSHsoi04658QL5xgQVov3
177,https://open.spotify.com/track/0N8MGHEDAq29ip7RrlrTeN
225,https://open.spotify.com/track/3WDIhWoRWVcaHdRwMEHkkS
219,https://open.spotify.com/track/6SAKXCj5jyF6IgPCPbZ5ra
268,https://open.spotify.com/track/6zT47fVadGsDGLnsS82r5P
247,https://open.spotify.com/track/0tKcYR2II1VCQWT79i5NrW
185,https://open.spotify.com/track/6QgjcU0zLnzq5OrUoSZ3OK
242,https://open.spotify.com/track/273dCMFseLcVsoSWx59IoE
252,https://open.spotify.com/track/7zgqtptZvhf8GEmdsM2vp2
264,https://open.spotify.com/track/1p80LdxRV74UKvL8gnD7ky
216,https://open.spotify.com/track/4c2W3VKsOFoIg2SFaO6DY5
183,https://open.spotify.com/track/18ycL9Q5zLDeY9M2Lr3Ozw
266,https://open.spotify.com/track/6tF92PMv01Ug9Dh8Rmy6nH
193,https://open.spotify.com/track/4Y6IdA3e4wwLrbKHDjufaC
253,https://open.spotify.com/track/4Jjr9IXCJVWIXOTuXDBNoq
209,https://open.spotify.com/track/04aAxqtGp5pv12UXAg4pkq
246,https://open.spotify.com/track/3zU9rdflI65tK4dkkNSp77
197,https://open.spotify.com/track/4Ce37cRWvM1vIGGynKcs22
207,https://open.spotify.com/track/1FUViuNSldssMIawrOXF2i
249,https://open.spotify.com/track/0Y1MWB026LYxGvhq4EcMiC
229,https://open.spotify.com/track/4Tn2llBm1g0UlWctmgPL8Z
227,https://open.spotify.com/track/70OTIpw8x8UXUsuCHW9i1i
214,https://open.spotify.com/track/1hxq7kWQnwdhxgpEugBMGk
210,https://open.spotify.com/track/37f4ITSlgPX81ad2EvmVQr
258,https://open.spotify.com/track/1huvTbEYtgltjQRXzrNKGi
188,https://open.spotify.com/track/6Xs7OKt6i0Ddq8B4M5Dgvr
187,https://open.spotify.com/track/4Jjr9IXCJVWIXOTuXDBNoq
184,https://open.spotify.com/track/5BkNCuxzzid0gz9sx3NNbX
267,https://open.spotify.com/track/0ofbQMrRDsUaVKq2mGLEAb
160,https://open.spotify.com/track/7yq4Qj7cqayVTp3FF9CWbm
